[
    {
        "slug": "nole",
        "name": "Distaccamento di Nole"
    },
    {
        "slug": "rivalta",
        "name": "Distaccamento di Rivalta"
    },
    {
        "slug": "rivoli",
        "name": "Distaccamento di Rivoli"
    },
    {
        "slug": "avigliana",
        "name": "Distaccamento di Avigliana"
    },
    {
        "slug": "oulx",
        "name": "Distaccamento di Oulx"
    },
    {
        "slug": "s1000",
        "name": "Distaccamento 1000"
    },
    {
        "slug": "montanaro",
        "name": "Distaccamento di Montanaro"
    },
    {
        "slug": "cuorgne",
        "name": "Distaccamento di Cuorgne"
    },
    {
        "slug": "giaveno",
        "name": "Distaccamento di Giaveno"
    },
    {
        "slug": "carignano",
        "name": "Distaccamento di Carignano"
    },
    {
        "slug": "mathi",
        "name": "Distaccamento di Mathi"
    },
    {
        "slug": "borgone-di-susa",
        "name": "Distaccamento di Borgone di Susa"
    },
    {
        "slug": "carmagnola",
        "name": "Distaccamento di Carmagnola"
    },
    {
        "slug": "chivasso",
        "name": "Distaccamento di Chivasso"
    },
    {
        "slug": "s-antonino-di-susa",
        "name": "Distaccamento di S.Antonino di Susa"
    },
    {
        "slug": "luserna-san-giovanni",
        "name": "Distaccamento di Luserna San Giovanni"
    },
    {
        "slug": "castellamonte",
        "name": "Distaccamento di Castellamonte"
    },
    {
        "slug": "bussoleno",
        "name": "Distaccamento di Bussoleno"
    },
    {
        "slug": "venaria",
        "name": "Distaccamento di Venaria"
    },
    {
        "slug": "rivarolo",
        "name": "Distaccamento di Rivarolo"
    },
    {
        "slug": "lanzo",
        "name": "Distaccamento di Lanzo"
    },
    {
        "slug": "caselle",
        "name": "Distaccamento di Caselle"
    },
    {
        "slug": "grugliasco",
        "name": "Distaccamento di Grugliasco"
    },
    {
        "slug": "bosconero",
        "name": "Distaccamento di Bosconero"
    },
    {
        "slug": "fenestrelle",
        "name": "Distaccamento di Fenestrelle"
    },
    {
        "slug": "santena",
        "name": "Distaccamento di Santena"
    },
    {
        "slug": "bardonecchia",
        "name": "Distaccamento di Bardonecchia"
    },
    {
        "slug": "volpiano",
        "name": "Distaccamento di Volpiano"
    },
    {
        "slug": "riva-presso-phieri",
        "name": "Distaccamento di Riva presso Phieri"
    },
    {
        "slug": "susa",
        "name": "Distaccamento di Susa"
    },
    {
        "slug": "s3001",
        "name": "Distaccamento 3001"
    },
    {
        "slug": "torre-pellice",
        "name": "Distaccamento di Torre Pellice"
    },
    {
        "slug": "alpignano",
        "name": "Distaccamento di Alpignano"
    },
    {
        "slug": "sestriere",
        "name": "Distaccamento di Sestriere"
    },
    {
        "slug": "condove",
        "name": "Distaccamento di Condove"
    },
    {
        "slug": "chiomonte",
        "name": "Distaccamento di Chiomonte"
    },
    {
        "slug": "s-maurizio-canavese",
        "name": "Distaccamento di S.Maurizio Canavese"
    },
    {
        "slug": "vinovo",
        "name": "Distaccamento di Vinovo"
    },
    {
        "slug": "viu",
        "name": "Distaccamento di Viu"
    }
]